
{
  "Alfa Romeo Giulia" : 56,
  "Ford Expedition" : 174,
  "Nissan Armada" : 176,
  "Toyota Corolla iM" : 25,
  "Kia Forte Koup" : 225,
  "Ford EcoSport" : 85,
  "Cadillac ELR" : 275,
  "Mercedes-Benz E-Class" : 144,
  "Dodge Grand Caravan Passenger" : 16,
  "Chrysler Sebring" : 8,
  "Ford Maverick" : 285,
  "Honda Civic Type R" : 299,
  "GMC Terrain" : 2,
  "Dodge Journey" : 54,
  "Volkswagen Touareg" : 150,
  "Chevrolet Volt" : 77,
  "Mercedes-Benz Mercedes-AMG C-Class" : 289,
  "Toyota Corolla" : 12,
  "Cadillac XTS" : 223,
  "Nissan Frontier Crew Cab" : 116,
  "Chevrolet Camaro" : 88,
  "Mercedes-Benz GLA" : 105,
  "Honda Odyssey" : 34,
  "Porsche Cayenne" : 282,
  "Lincoln MKS" : 179,
  "Porsche Boxster" : 252,
  "Nissan Maxima" : 96,
  "Chevrolet Spark EV" : 186,
  "Chevrolet Cruze Limited" : 104,
  "Mercedes-Benz R-Class" : 343,
  "Kia Optima" : 31,
  "Volkswagen e-Golf" : 215,
  "Jeep Wrangler Unlimited" : 202,
  "Mercedes-Benz Mercedes-AMG SLC" : 298,
  "Jeep Liberty" : 303,
  "Scion xB" : 226,
  "Chevrolet Malibu Limited" : 337,
  "Volkswagen Golf" : 143,
  "Chevrolet Colorado Extended Cab" : 158,
  "Honda Civic" : 23,
  "Kia Sedona" : 70,
  "Volkswagen CC" : 216,
  "Jeep Compass" : 6,
  "Hyundai Genesis Coupe" : 312,
  "Kia Rio" : 71,
  "MINI Coupe" : 78,
  "Jaguar F-TYPE" : 239,
  "smart fortwo" : 147,
  "Lincoln Nautilus" : 283,
  "Mercedes-Benz CLA" : 166,
  "Ford Focus" : 91,
  "Nissan Frontier King Cab" : 44,
  "Toyota Tundra Double Cab" : 194,
  "Acura RLX" : 114,
  "Lincoln MKX" : 152,
  "Nissan Versa" : 81,
  "Volkswagen Jetta GLI" : 307,
  "Land Rover Range Rover Evoque" : 178,
  "Toyota Tacoma Double Cab" : 130,
  "Honda Crosstour" : 211,
  "Nissan Rogue" : 24,
  "Lexus HS" : 220,
  "Hyundai Sonata Hybrid" : 208,
  "Scion xD" : 168,
  "Hyundai Ioniq Hybrid" : 170,
  "Land Rover Range Rover Sport" : 212,
  "Chevrolet Sonic" : 50,
  "Maserati Quattroporte" : 292,
  "Buick Enclave" : 51,
  "Mercedes-Benz CLA-Class" : 155,
  "Acura MDX" : 64,
  "Subaru XV Crosstrek" : 10,
  "Toyota Prius c" : 99,
  "Jaguar XE" : 258,
  "Honda CR-V Hybrid" : 278,
  "Mitsubishi i-MiEV" : 197,
  "Toyota Corolla Cross" : 256,
  "Kia Niro EV" : 295,
  "Nissan Rogue Sport" : 20,
  "Kia Soul" : 47,
  "Nissan Sentra" : 22,
  "Ford Mustang MACH-E" : 217,
  "Land Rover Range Rover Velar" : 184,
  "Buick Lucerne" : 321,
  "Toyota Yaris Hatchback" : 340,
  "Ford Explorer" : 82,
  "Subaru Ascent" : 200,
  "Mercedes-Benz CLK-Class" : 207,
  "Buick LaCrosse" : 90,
  "Ford Fiesta" : 59,
  "Chrysler Pacifica" : 74,
  "Volkswagen Atlas Cross Sport" : 265,
  "Toyota Prius" : 95,
  "Buick Encore GX" : 196,
  "Toyota Camry" : 67,
  "GMC Canyon Crew Cab" : 270,
  "Hyundai Venue" : 131,
  "Nissan Pathfinder" : 13,
  "Buick Regal" : 187,
  "Lexus LC" : 180,
  "Toyota Venza" : 193,
  "Cadillac ATS" : 139,
  "Jaguar F-PACE" : 284,
  "Nissan Kicks" : 58,
  "Scion FR-S" : 108,
  "Mercedes-Benz M-Class" : 162,
  "Ford Bronco" : 250,
  "Ford Expedition EL" : 309,
  "Toyota Prius Prime" : 255,
  "Hyundai Sonata" : 29,
  "Kia Telluride" : 188,
  "Honda Passport" : 281,
  "Honda Fit" : 93,
  "Chevrolet Malibu" : 98,
  "Scion iA" : 233,
  "Tesla Model X" : 238,
  "Chrysler Town & Country" : 121,
  "Toyota C-HR" : 18,
  "Honda Accord" : 28,
  "Volkswagen Jetta SportWagen" : 68,
  "Hyundai Elantra GT" : 206,
  "Volkswagen Jetta" : 27,
  "Mitsubishi Outlander Sport" : 42,
  "MINI Roadster" : 153,
  "Subaru Crosstrek" : 140,
  "MINI Hardtop" : 134,
  "Kia Niro" : 113,
  "Hyundai Accent" : 39,
  "Toyota Camry Hybrid" : 149,
  "Hyundai Tucson" : 66,
  "Honda CR-V" : 40,
  "Kia Carnival" : 235,
  "Toyota Tundra CrewMax" : 246,
  "Hyundai Azera" : 232,
  "Lincoln Navigator" : 287,
  "Jeep Wrangler" : 3,
  "Nissan Titan Crew Cab" : 240,
  "Cadillac Escalade ESV" : 314,
  "Nissan Quest" : 316,
  "Volkswagen Tiguan" : 35,
  "Chevrolet Suburban" : 175,
  "Maserati Ghibli" : 264,
  "Jeep Gladiator" : 133,
  "Mercedes-Benz B-Class" : 323,
  "Chevrolet Colorado Crew Cab" : 172,
  "Honda Accord Crosstour" : 315,
  "Ford Mustang" : 61,
  "Volkswagen Golf Alltrack" : 334,
  "smart fortwo electric drive cabrio" : 332,
  "Volkswagen New Beetle" : 335,
  "Lexus LS" : 344,
  "Buick Verano" : 154,
  "Lexus IS" : 63,
  "Volkswagen Eos" : 204,
  "Mercedes-Benz A-Class" : 218,
  "Land Rover Discovery Sport" : 263,
  "Mitsubishi Mirage" : 135,
  "Hyundai Elantra" : 33,
  "Subaru Outback" : 132,
  "Lincoln MKZ" : 157,
  "Volkswagen Routan" : 203,
  "Mitsubishi Lancer" : 318,
  "Chevrolet Equinox" : 73,
  "Chevrolet Trailblazer" : 110,
  "INFINITI G" : 141,
  "Ford Focus ST" : 322,
  "INFINITI FX" : 325,
  "Saturn SKY" : 341,
  "Audi allroad" : 338,
  "Scion iQ" : 151,
  "Acura TSX" : 160,
  "MINI Countryman" : 123,
  "GMC Yukon XL" : 329,
  "Cadillac SRX" : 146,
  "Hyundai Veloster" : 32,
  "Land Rover Range Rover" : 305,
  "Tesla Model Y" : 227,
  "MINI Convertible" : 86,
  "Honda Insight" : 192,
  "Audi TT" : 242,
  "Lexus GX" : 136,
  "Lexus RX" : 129,
  "Jaguar XF" : 241,
  "Chevrolet Corvette" : 234,
  "Buick Encore" : 5,
  "Chevrolet Bolt EV" : 313,
  "Hyundai Santa Fe Sport" : 138,
  "Ford Transit Connect Passenger" : 317,
  "Jeep Patriot" : 7,
  "Chevrolet Traverse" : 41,
  "Hyundai Tucson Hybrid" : 276,
  "Tesla Model S" : 237,
  "Kia Seltos" : 137,
  "Ford C-MAX Energi" : 214,
  "Mercedes-Benz CLS-Class" : 236,
  "Nissan Altima" : 46,
  "Volkswagen Atlas" : 21,
  "Ford Transit Connect Passenger Wagon" : 300,
  "Maserati Levante" : 261,
  "Toyota GR Supra" : 254,
  "Chrysler Voyager" : 38,
  "Subaru Forester" : 26,
  "Jaguar E-PACE" : 273,
  "Jeep Wagoneer" : 293,
  "Scion iM" : 177,
  "Kia Soul EV" : 145,
  "Jeep Grand Cherokee" : 37,
  "Nissan JUKE" : 97,
  "Toyota Prius Plug-in Hybrid" : 230,
  "Honda Clarity Plug-in Hybrid" : 249,
  "Chevrolet City Express" : 331,
  "Mercedes-Benz C-Class" : 117,
  "Kia Optima Hybrid" : 101,
  "Buick Cascada" : 167,
  "Scion tC" : 53,
  "Nissan TITAN XD Crew Cab" : 308,
  "Ford Expedition MAX" : 209,
  "Lexus RC" : 244,
  "Mercedes-Benz GLS" : 291,
  "Mercedes-Benz S-Class" : 286,
  "Hyundai Santa Cruz" : 272,
  "Chevrolet Spark" : 45,
  "Ford Ranger SuperCrew" : 243,
  "Mercedes-Benz SL" : 257,
  "Toyota Highlander" : 156,
  "Mercedes-Benz GLA-Class" : 297,
  "Mercedes-Benz GLC" : 171,
  "Chevrolet Trax" : 1,
  "Dodge Durango" : 190,
  "Lexus NX" : 231,
  "Jeep Renegade" : 4,
  "Toyota FJ Cruiser" : 267,
  "Ford Taurus" : 119,
  "MINI Clubman" : 128,
  "Acura MDX Sport Hybrid" : 277,
  "Hyundai Ioniq Electric" : 345,
  "Nissan Xterra" : 228,
  "Porsche Macan" : 253,
  "Honda Pilot" : 124,
  "Acura RDX" : 36,
  "Chevrolet Captiva Sport" : 109,
  "Lexus CT" : 165,
  "Kia Sorento" : 103,
  "Hyundai Equus" : 328,
  "Volkswagen Passat" : 62,
  "Dodge Avenger" : 87,
  "Jeep Cherokee" : 84,
  "Volkswagen Tiguan Limited" : 100,
  "Lexus GS" : 118,
  "Kia Cadenza" : 65,
  "GMC Yukon" : 161,
  "Mercedes-Benz SLK-Class" : 79,
  "Buick Envision" : 159,
  "Ford Fusion Energi" : 198,
  "Ford Edge" : 49,
  "Kia Sportage" : 60,
  "Hyundai Palisade" : 271,
  "GMC Acadia Limited" : 205,
  "Jaguar XJ" : 279,
  "Porsche Panamera" : 304,
  "Mercedes-Benz SL-Class" : 189,
  "Toyota Highlander Hybrid" : 310,
  "Subaru BRZ" : 324,
  "Cadillac DTS" : 339,
  "Mercedes-Benz Mercedes-AMG GLC" : 311,
  "Ford Fusion" : 48,
  "Hyundai Kona" : 43,
  "Mitsubishi Eclipse Cross" : 11,
  "Toyota Yaris" : 19,
  "Acura TLX" : 112,
  "Lexus UX" : 302,
  "Hyundai Veracruz" : 319,
  "Toyota Tacoma Access Cab" : 199,
  "Nissan LEAF" : 83,
  "Mercedes-Benz Mercedes-AMG GLE Coupe" : 260,
  "Hyundai Ioniq Plug-in Hybrid" : 327,
  "Lincoln Corsair" : 259,
  "Honda Accord Hybrid" : 251,
  "Toyota Sienna" : 94,
  "Acura TL" : 164,
  "INFINITI M" : 183,
  "Chevrolet Impala" : 72,
  "Honda Ridgeline" : 245,
  "Land Rover Discovery" : 262,
  "Buick Regal Sportback" : 330,
  "Volkswagen Golf SportWagen" : 142,
  "Toyota Avalon" : 106,
  "Ford Bronco Sport" : 173,
  "MAZDA Tribute" : 120,
  "Ford Flex" : 122,
  "Nissan Rogue Select" : 115,
  "Lincoln MKC" : 14,
  "Volkswagen Beetle" : 89,
  "Acura ILX" : 148,
  "Toyota Yaris iA" : 92,
  "Dodge Dart" : 127,
  "Hyundai Santa Fe" : 201,
  "Subaru Legacy" : 9,
  "Honda CR-Z" : 111,
  "Chevrolet Tahoe" : 224,
  "Honda HR-V" : 102,
  "Kia Sorento Hybrid" : 248,
  "Toyota Corolla Hatchback" : 268,
  "smart fortwo electric drive" : 195,
  "Chevrolet Cruze" : 57,
  "Kia Forte" : 52,
  "Mitsubishi Outlander PHEV" : 288,
  "Dodge Charger" : 107,
  "Subaru WRX" : 213,
  "Cadillac CTS" : 69,
  "Volkswagen Golf GTI" : 163,
  "Dodge Challenger" : 210,
  "Volkswagen GTI" : 219,
  "Subaru Impreza" : 76,
  "Lexus ES" : 15,
  "Jeep Grand Cherokee L" : 296,
  "Toyota Matrix" : 336,
  "Hyundai Genesis" : 181,
  "Chevrolet Blazer" : 125,
  "Nissan Murano" : 75,
  "Toyota Prius v" : 80,
  "Toyota Sequoia" : 182,
  "Chevrolet Impala Limited" : 185,
  "Mercedes-Benz GLE" : 191,
  "Maserati GranTurismo" : 306,
  "Hyundai Sonata Plug-in Hybrid" : 326,
  "Kia Stinger" : 266,
  "Mercedes-Benz SLC" : 294,
  "Alfa Romeo Stelvio" : 280,
  "Mercedes-Benz GLK-Class" : 229,
  "INFINITI JX" : 333,
  "Audi e-tron" : 269,
  "Pontiac Solstice" : 320,
  "Ford C-MAX Hybrid" : 342,
  "Lincoln Town Car" : 222,
  "Toyota Corolla Hybrid" : 274,
  "MINI Paceman" : 169,
  "Ford Escape" : 17,
  "Mitsubishi Outlander" : 55,
  "GMC Acadia" : 30,
  "Mercedes-Benz GLB" : 290,
  "Nissan Versa Note" : 221,
  "INFINITI EX" : 126,
  "Toyota Tundra Hybrid CrewMax" : 301,
  "Kia Sorento Plug-in Hybrid" : 247
}
